insert into locations (id,name) values (1, 'Santa Ana') on conflict do nothing;
insert into locations (id,name) values (2, 'Los Angeles') on conflict do nothing;
insert into locations (id,name) values (3, 'San Diego') on conflict do nothing;
insert into locations (id,name) values (4, 'Tustin') on conflict do nothing;
insert into locations (id,name) values (5, 'Riverside') on conflict do nothing;
insert into locations (id,name) values (6, 'Downey') on conflict do nothing;
insert into locations (id,name) values (7, 'Oxnard') on conflict do nothing;
insert into members (id,name,role) values (1, 'Dr. Hirsa Azizi', 'Doctor') on conflict do nothing;
insert into members (id,name,role) values (2, 'Dr. Hirbod Azizi', 'Doctor') on conflict do nothing;
insert into members (id,name,role) values (3, 'Dr. John Meisner', 'Doctor') on conflict do nothing;
insert into members (id,name,role) values (4, 'Therapy Assistant', 'Staff') on conflict do nothing;
insert into members (id,name,role) values (5, 'Admin Staff', 'Staff') on conflict do nothing;
insert into members (id,name,role) values (6, 'Clinic (default)', 'House') on conflict do nothing;
insert into members (id,name,role) values (7, 'Dr. Linda Koga', 'Doctor') on conflict do nothing;
insert into members (id,name,role) values (8, 'Dr. Monica Mir', 'Doctor') on conflict do nothing;
insert into accounts (id,name,type) values (1, 'Chase Business Checking', 'bank') on conflict do nothing;
insert into accounts (id,name,type) values (2, 'AmEx Credit Card', 'credit') on conflict do nothing;
insert into accounts (id,name,type) values (3, 'Capital One', 'credit') on conflict do nothing;
insert into accounts (id,name,type) values (4, 'Bank of America', 'bank') on conflict do nothing;
insert into rules (id,name,match,category) values (1, 'Zelle→Hirbod', 'Zelle Hirbod', 'Transfers') on conflict do nothing;
insert into rules (id,name,match,category) values (2, 'Rent', 'Rent', 'Fixed Expense') on conflict do nothing;
insert into rules (id,name,match,category) values (3, 'Internet', 'Spectrum', 'Utilities') on conflict do nothing;
insert into transactions (id,date,description,amount,account_id,location_id,member_id,category) values (1, '2025-10-01', 'Patient Payments (Zelle Hirbod)', 1200.0, 1, 1, 2, 'Income') on conflict do nothing;
insert into transactions (id,date,description,amount,account_id,location_id,member_id,category) values (2, '2025-10-02', 'Clinic Rent - Santa Ana', -2800.0, 1, 1, 6, 'Fixed Expense') on conflict do nothing;
insert into transactions (id,date,description,amount,account_id,location_id,member_id,category) values (3, '2025-10-03', 'Spectrum Internet', -89.99, 4, 1, 6, 'Utilities') on conflict do nothing;
insert into transactions (id,date,description,amount,account_id,location_id,member_id,category) values (4, '2025-10-04', 'Supplies - TheraBands', -150.0, 2, 2, 4, 'Supplies') on conflict do nothing;
insert into transactions (id,date,description,amount,account_id,location_id,member_id,category) values (5, '2025-10-05', 'Initial Exam - PI Case', 350.0, 1, 2, 1, 'Income') on conflict do nothing;
insert into transactions (id,date,description,amount,account_id,location_id,member_id,category) values (6, '2025-10-06', 'Gas - Mobile', -60.25, 3, 3, 5, 'Travel') on conflict do nothing;
insert into transactions (id,date,description,amount,account_id,location_id,member_id,category) values (7, '2025-10-07', 'Massage Contractor', -220.0, 1, 4, 4, 'Contractors') on conflict do nothing;
insert into transactions (id,date,description,amount,account_id,location_id,member_id,category) values (8, '2025-10-08', 'X-ray Income', 200.0, 1, 5, 1, 'Income') on conflict do nothing;
insert into transactions (id,date,description,amount,account_id,location_id,member_id,category) values (9, '2025-10-09', 'Cleaning Service', -120.0, 1, 6, 5, 'Maintenance') on conflict do nothing;
insert into transactions (id,date,description,amount,account_id,location_id,member_id,category) values (10, '2025-10-10', 'Adjustment Income', 90.0, 1, 7, 7, 'Income') on conflict do nothing;